instruction,input,output
Classify the argument and identify relevant spans.,It would be cringe because trump's policies (and other things) are extremely at odds with theirs. But fair enough. If you don't think it would be cringe for trump I can understand why it wouldn't be cringe for biden either.,"Classification: ['Other Stakeholder Perspective', 'Temporal Contrast']
Span: [""trump's policies (and other things) are extremely at odds with theirs"", ""trump's policies""]"
Classify the argument and identify relevant spans.,"Just to let you know, the power of the judiciary is not being weakened at all. They literally just stopped one of his EOs and the temp block was upheld. I think you are overestimating the power Trump is wielding over the judiciary due to some zealous reporting that has been going on.","Classification: ['Other Stakeholder Perspective', 'Temporal Contrast']
Span: ['overestimating the power Trump is wielding over the judiciary', 'power of the judiciary']"
Classify the argument and identify relevant spans.,"I'm pro choice. I don't support abortion, but I support a woman's right to do as she pleases with her body. It's not my place to decide. With this said, a common argument I see against pro lifers is that it is sexist to outlaw abortions, because it's wanting control of a woman's body.","Classification: ['Other Stakeholder Perspective']
Span: [""support a woman's right to do as she pleases with her body.""]"
Classify the argument and identify relevant spans.,"The purpose of an election is to elect. It is not to register feelings, reasons, support, or opposition. Therefore, the only metric needed in elections is a tally that allows winners to be selected. There is already the opportunity to vote for the candidates you choose.","Classification: ['Other Stakeholder Perspective', 'Temporal Contrast']
Span: ['It is not to register feelings, reasons, support, or opposition.', 'Therefore, the only metric needed in elections is a tally that allows winners to be selected.']"
Classify the argument and identify relevant spans.,"From elementary school all the way to now, I have always done poor academically. I was always wondering if I have an intellectual disorder since I just couldn't grasp concepts as well as the other students.","Classification: ['Other Stakeholder Perspective']
Span: [""have an intellectual disorder since I just couldn't grasp concepts as well as the other students.""]"
Classify the argument and identify relevant spans.,"I think activists are annoying, no matter what cause they stand for. It's because we demand change and change is uncomfortable. But I see an injustice, and I still speak up about it, even if that makes me annoying.","Classification: ['Other Stakeholder Perspective', 'Temporal Contrast']
Span: ['activists are annoying', 'activists are annoying']"
Classify the argument and identify relevant spans.,"You act like my only reason for disliking them movie is because it didn't surprise me, but then you precede question one of my other reasons. Also I don't care what does or doesn't surprise you. We're two different people. The shootouts reminded me almost every other shootout I've seen in film.","Classification: ['Other Stakeholder Perspective', 'Temporal Contrast']
Span: [""The shootouts reminded me almost every other shootout I've seen in film."", ""disliking them movie is because it didn't surprise me,""]"
Classify the argument and identify relevant spans.,"I'm not saying it's not a great measure of upper body strength but it certainly is not a good overall standard. I suppose I could have worded that better, since my implied meaning was overall strength, not just upper body.","Classification: ['Other Stakeholder Perspective', 'Temporal Contrast']
Span: ['it certainly is not a good overall standard', 'it certainly is not a good overall standard']"
Classify the argument and identify relevant spans.,I was reading somewhere on Relationships about a problem with a potential wedding guest because they were a very 'fussy eater' and how they were thinking to un-invite this person because of it. A lot of people were defending this person saying they too are picky eaters and how horrible it is.,"Classification: ['Other Stakeholder Perspective', 'Temporal Contrast']
Span: ['how horrible it is', ""they were a very 'fussy eater'""]"
Classify the argument and identify relevant spans.,"Do you genuinely believe the movement against FGM is being held back in any serious capacity because men compare the practice to circumcision? Yes. Anyone who practices religious circumcision will be staunchly against a ban on it. By contrast, those same people could be convinced to be against FGM.","Classification: ['Other Stakeholder Perspective', 'Temporal Contrast']
Span: ['Anyone who practices religious circumcision will be staunchly against a ban on it.', 'Anyone who practices religious circumcision will be staunchly against a ban on it.']"
Classify the argument and identify relevant spans.,"That's exactly what I'm saying. Not all people who want to drink alone are alcoholics, but all alcoholics will need to drink alone. This is unfortunate for those of us who can responsibly get drunk alone, but because alcoholism is such a serious problem, I think it's worth the tradeoff.","Classification: ['Other Stakeholder Perspective']
Span: ['but all alcoholics will need to drink alone']"
Classify the argument and identify relevant spans.,"I know what you're thinking - ""this isn't a controversial or unpopular opinion at all!"" I'm posting here because every SINGLE person I've discussed this with irl has vehemently disagreed with me and for reasons I have a hard time understanding.","Classification: ['Other Stakeholder Perspective', 'Temporal Contrast']
Span: ['""this isn\'t a controversial or unpopular opinion at all!""', ""every SINGLE person I've discussed this with irl has vehemently disagreed with me""]"
Classify the argument and identify relevant spans.,"I believe America is the best country in the world because no country in the world is perfect, however America provides the avenues and rights for one to make his or her voice heard and incite change regardless of society's consensus. Another point is that this is really the land of opportunity.","Classification: ['Other Stakeholder Perspective', 'Temporal Contrast']
Span: ['America is the best country', 'America is the best country']"
Classify the argument and identify relevant spans.,I believe that ACAB just like I believe that all Nazi guards are bastards. Good cops don't exist because you can't fulfill your orders as a cop and not be a bastard. (e.g. Arresting for possession should not be thing).,"Classification: ['Other Stakeholder Perspective']
Span: ['all Nazi guards are bastards.']"
Classify the argument and identify relevant spans.,"Because the people who refer to ""racial sexual realism"" and ""White Nationalism"" very rarely have scientifically sound beliefs. Even when there are concrete, objective differences, acting upon those differences blows them way out of proportion.","Classification: ['Other Stakeholder Perspective']
Span: ['people who refer to ""racial sexual realism"" and ""White Nationalism"" very rarely have scientifically sound beliefs.']"
Classify the argument and identify relevant spans.,"Because it's a term used too vaguely, it creates a spiral of more violence and wait a minute? Don't you believe in due process? Are you advocating vigilantism? It's not illegal to be a Nazi. You should still punch them for being bad people.","Classification: ['Other Stakeholder Perspective', 'Temporal Contrast']
Span: ['You should still punch them for being bad people.', ""It's not illegal to be a Nazi.""]"
Classify the argument and identify relevant spans.,The problem with this type of thinking is that it means that nobody is responsible for anything. Everyone is always acting in accordance with the electrochemical machinery of their brain. Anyone doing ANYTHING evil would just be doing it because of how their brain is wired.,"Classification: ['Other Stakeholder Perspective', 'Temporal Contrast']
Span: ['nobody is responsible for anything', 'nobody is responsible for anything']"
Classify the argument and identify relevant spans.,"Because you have to earn it. If white female privilege is far greater than white male privilege, why do White women earn 81.1% as much as their male counterparts? The gender pay gap is a myth.","Classification: ['Other Stakeholder Perspective', 'Temporal Contrast']
Span: ['The gender pay gap is a myth.', 'women earn 81.1%']"
Classify the argument and identify relevant spans.,I mean that saying that Starbucks is a racist organization based on the Philly encounter is incorrect. Starbucks does not tell people to throw out customers due to their race.,"Classification: ['Other Stakeholder Perspective']
Span: ['Starbucks does not tell people to throw out customers due to their race.']"
Classify the argument and identify relevant spans.,"This isn't some policy where every baby with a severe mental issue MUST be euthanized. This is giving the option to parents to euthanize their baby. You can't extend this to euthanizing adults, because there's no comparable circumstance where an individual has ""control"" over an adult.","Classification: ['Other Stakeholder Perspective', 'Temporal Contrast']
Span: ['individual has ""control"" over an adult.', ""This isn't some policy where every baby with a severe mental issue MUST be euthanized.""]"
Classify the argument and identify relevant spans.,"Because it more expensive to make it here than it is in Canada. We can't make all the stuff ourselves, so we buy it from Canada. Well, now that got more expensive. But now Can. metal is still cheaper than for what we can make it domestically.","Classification: ['Other Stakeholder Perspective', 'Temporal Contrast']
Span: ['more expensive to make it here than it is in Canada', 'more expensive to make it here than it is in Canada']"
Classify the argument and identify relevant spans.,"No, you're not supporting anyone else who worked on the movie. That's the point. It discourages other people in the industry from working with that person. If everyone knows that a movie or show isn't going to make money because of a specific actor or director they won't work on it.","Classification: ['Other Stakeholder Perspective']
Span: [""If everyone knows that a movie or show isn't going to make money because of a specific actor or director they won't work on it.""]"
Classify the argument and identify relevant spans.,"there are rules against dirty tactics, but they are often missed due to the fast paced nature of the game. in a perfect world, yeah it would be great if it just took rules, but it doesn't. In football, basketball, baseball, etc...","Classification: ['Other Stakeholder Perspective', 'Temporal Contrast']
Span: ['missed due to the fast paced nature of the game', ""ould be great if it just took rules, but it doesn't.""]"
Classify the argument and identify relevant spans.,"I think it's incredibly short sighted of people to not be frightened. We are all going to die. Some sooner, some later - But ultimately the difference is negligible. It's going to happen. I believe we purposefully block the thought of death from our minds because to not would be debilitating.","Classification: ['Other Stakeholder Perspective']
Span: [""I think it's incredibly short sighted of people to not be frightened.""]"
Classify the argument and identify relevant spans.,Eh if we are going to extend it to animals why not all living things. Because central nervous system and we can empathize with the horrifying sounds animals make in distressed situations. Plants do not cry or scream.,"Classification: ['Other Stakeholder Perspective']
Span: ['Because central nervous system and we can empathize with the horrifying sounds animals make in distressed situations. Plants do not cry or scream.']"
Classify the argument and identify relevant spans.,Animals are living beings able to feel suffering just like humans. Because of this humans and animals are equal and should be treated the same.,"Classification: ['Other Stakeholder Perspective']
Span: ['Because of this humans and animals are equal and should be treated the same.']"
Classify the argument and identify relevant spans.,"I feel bestiality is worse than killing animals for the same reason I believe death penalty is a lesser punishment than a life without parole. Death, as long as it is quick and relatively painless is better than a torturous life because the amount of time.","Classification: ['Other Stakeholder Perspective', 'Temporal Contrast']
Span: ['bestiality is worse than killing animal', 'bestiality is worse than killing animal']"
Classify the argument and identify relevant spans.,"Therefore it makes no sense for you to be against hurting animals. You've already accepted that we can kill them, why not torture them as well? This is a huge leap in logic.","Classification: ['Other Stakeholder Perspective']
Span: ['why not torture them as well? This is a huge leap in logic.']"
Classify the argument and identify relevant spans.,"There isn't a political party that represents them because they don't march down main st, not the other way around. All the other groups OP is complaining about do.","Classification: ['Vague or Ambiguous Terms', 'Overgeneralized Statement']
Span: ['All the other groups OP is complaining about do.', ""political party that represents them because they don't march down main""]"
Classify the argument and identify relevant spans.,"The issue is that the pregnancy is, due to biological constraints, forced upon the woman. This gives her the sole right to an abortion. Consider what happens if there's a surrogacy.","Classification: ['Vague or Ambiguous Terms', 'Overgeneralized Statement']
Span: ['biological constraints,', 'The issue is that the pregnancy is, due to biological constraints, forced upon the woman']"
Classify the argument and identify relevant spans.,"I'm live in America if that makes any difference to what the response might be. The reason I believe what I said above is: Because of your basic rights as an American, you are able to vote in elections and help make a difference for who you want to represent you.","Classification: ['Overgeneralized Statement']
Span: ['help make a difference for who you want to represent you.']"
Classify the argument and identify relevant spans.,"Certainly breathing alone can‚Äôt be bioterrorism, but I would happily argue throwing a big party during a pandemic is. The ‚Äúbecause we have rights‚Äù argument doesn‚Äôt make sense to me.","Classification: ['Vague or Ambiguous Terms', 'Overgeneralized Statement']
Span: ['bioterrorism', 'but I would happily argue throwing a big party during a pandemic is']"
Classify the argument and identify relevant spans.,Third wave feminism is just too open and all-inclusive a movement and therefore so different from Second wave feminism that it's basically egalitarianism by another name. So just switch to egalitarianism and be honest about what you support.,"Classification: ['Vague or Ambiguous Terms', 'Overgeneralized Statement']
Span: ['Third wave feminism', 'Third wave feminism is just too open and all-inclusive a movement and therefore so different from']"
Classify the argument and identify relevant spans.,There are different theories of what oppression is and what causes it. 2nd wave feminist often argue that because we live in a patriarchy you can't separate a woman's sexuality from the oppressive male centric culture.,"Classification: ['Vague or Ambiguous Terms']
Span: ['2nd wave feminist']"
Classify the argument and identify relevant spans.,Science ends up finding answers. Answers that are thoroughly tested and proven. And thus answers we can trust are probably correct. Eg. science has found out Earth is a globe.,"Classification: ['Vague or Ambiguous Terms', 'Overgeneralized Statement']
Span: ['we can trust are probably correct.', 'Science ends up finding answers.']"
Classify the argument and identify relevant spans.,"Interesting chart. I have a problem with the ""I'm not sure"" - ""Theism only applies to those who have an active belief"" Sometimes I do things because I believe in the existence of God and some days I don't. E.g. I pray sometimes when under great stress.","Classification: []
Span: ['Null']"
Classify the argument and identify relevant spans.,I‚Äôm the single mother and have a 12yr old son. I think about this everyday raising him. I acknowledge that my view may be ..skewed due to personal experiences.,"Classification: ['Overgeneralized Statement']
Span: ['my view may be ..skewed due to personal experiences.']"
Classify the argument and identify relevant spans.,"There are anti-vax people, including but not always limited to the COVID vaccines Which have been marginalized because vaccines work and don't cause autism like they claim. The people in the second group have an argument independent of medicine or science.","Classification: ['Vague or Ambiguous Terms', 'Overgeneralized Statement']
Span: ['The people in the second group', 'The people in the second group have an argument independent of medicine or science.']"
Classify the argument and identify relevant spans.,"She says ""I'm just sick of how men sexually assault people"". This statement is not identical to ""I'm just sick of how all men sexually assault people"" is it? Just because the statements aren't identical doesn't mean they don't convey the same message.","Classification: ['Overgeneralized Statement']
Span: ['""I\'m just sick of how men sexually assault people"".']"
Classify the argument and identify relevant spans.,I made a post on r/AITA and it got removed because I used the word tranny. I was called a homophobe because I told people about how I was trapped and deceived by a transsexual. Everyone seemed to hold the same opinion that it is a slur.,"Classification: ['Vague or Ambiguous Terms', 'Overgeneralized Statement']
Span: ['r/AITA', 'Everyone seemed to hold the same opinion that it is a slur.']"
Classify the argument and identify relevant spans.,"I‚Äôd like to mainly highlight black culture in America. I am not racist, because I don‚Äôt care about their skin color. Although, black American culture is a harmful culture.","Classification: ['Overgeneralized Statement']
Span: ['black American culture is a harmful culture.']"
Classify the argument and identify relevant spans.,Because it's one shared nation with values and culture. That is the only basis of a nation that exists. Only the shared culture and values.,"Classification: ['Vague or Ambiguous Terms']
Span: [""Because it's one shared nation with values and culture.""]"
Classify the argument and identify relevant spans.,Because it's one shared nation with values and culture. That is the only basis of a nation that exists. Only the shared culture and values.,"Classification: ['Vague or Ambiguous Terms', 'Overgeneralized Statement']
Span: [""it's"", 'That is the only basis of a nation that exists.']"
Classify the argument and identify relevant spans.,Because it's one shared nation with values and culture. That is the only basis of a nation that exists. Only the shared culture and values.,"Classification: ['Overgeneralized Statement']
Span: ['That is the only basis of a nation that exists.']"
Classify the argument and identify relevant spans.,Because I have to look at someones skin color to decide whether the use of the n-word is acceptable or not. Even if it was said with the exact same intention. You can't know someone's intention without taking context into account.,"Classification: ['Overgeneralized Statement']
Span: [""You can't know someone's intention without taking context into account.""]"
Classify the argument and identify relevant spans.,Gender roles aren't something we just randomly came up with because we liked it. Men and women do behave differently.,"Classification: ['Overgeneralized Statement']
Span: ['Men and women do behave differently.']"
Classify the argument and identify relevant spans.,"üò≥ uh, no race has a specific smell. You probably just smelled people who ate similar things and assumed it was because they were black. And there's a word for making assumptions about people based on skin color...","Classification: ['Overgeneralized Statement']
Span: ['You probably just smelled people who ate similar things and assumed it was because they were black']"
Classify the argument and identify relevant spans.,"I think it is because women are different then men. Women, usually, are weaker then men, which is why they have different sport teams. Women usually behave differently then men, and they will probably take a different job since their brains work differently.","Classification: ['Vague or Ambiguous Terms', 'Overgeneralized Statement']
Span: ['Women, usually, are weaker then men,', 'Women, usually, are weaker then men,']"
Classify the argument and identify relevant spans.,Everyone seems to be obsessed with games being more open world but I think it lowers the quality significantly. Linear games have more attention to details because there is less space to be in.,"Classification: ['Vague or Ambiguous Terms', 'Overgeneralized Statement']
Span: ['Linear games', 'Linear games have more attention to details because there is less space to be in.']"
Classify the argument and identify relevant spans.,"Buying a new car is a better financial decision because 1. A car with the latest safety and mileage features saves future costs, 2.","Classification: ['Overgeneralized Statement']
Span: ['Buying a new car is a better financial decision']"
Classify the argument and identify relevant spans.,"The status quo is that there hasn‚Äôt been socialized medicine and human civilization has advanced thus far. Yet, there is no monopoly on healthcare. However, a monopoly on force is required to have peace.","Classification: ['Vague or Ambiguous Terms', 'Overgeneralized Statement']
Span: ['socialized medicine', 'monopoly on force is required to have peace.']"
Classify the argument and identify relevant spans.,"I say 'most altcoins' and not cryptocurrency because I see some value in the idea of cryptocurrency or at least understand the attractiveness of it. I am talking about alt coins like the squid game coin, shiba inu, dogecoin etc. that people only buy to make money or as an investment.","Classification: ['Overgeneralized Statement']
Span: ['people only buy to make money or as an investment.']"
Classify the argument and identify relevant spans.,"I know this is a touchy subject, but I need to share my take on the matter. I know the moral imperative behind wanting to keep ones trans status hidden from partners due to privacy, but the safety risks of not disclosing make it necessary to share this info.","Classification: ['Vague or Ambiguous Terms', 'Overgeneralized Statement']
Span: ['safety risks of not disclosing make it necessary to share this info.', 'make it necessary to share this info.']"
Classify the argument and identify relevant spans.,"This is one of dumbest things I have heard in a long time. Seriously!?!? Slavery was legal AND wrong, marrying the person you raped to make it OK by the government/cult is still fucking wrong, and killing anyone for any reason is murder. Just because it is considered ""justice"" it is still murder.","Classification: ['Vague or Ambiguous Terms', 'Overgeneralized Statement']
Span: ['justice', 'Slavery was legal AND wrong, marrying the person you raped to make it OK by the government/cult is still fucking wrong, and killing anyone for any reason is murder. Just because it is considered ""justice"" it is still murder.']"
Classify the argument and identify relevant spans.,"Islamophobia is the irrational dislike, fear of, or hatred of all Muslims. Criticizing some Muslims is not Islamophobia because demonstrably awful Muslims exist, and so criticizing those people is rational.","Classification: ['Overgeneralized Statement']
Span: ['demonstrably awful Muslims exist']"
Classify the argument and identify relevant spans.,"Okay, so your conclusion is that the same rules dont apply to human + dog interactions is because dogs have no concept of human interaction when it comes to consent. So they cannot consent. I base my idea of abuse of dogs and neglect of dogs by a human concept of neglect and abuse.","Classification: ['Vague or Ambiguous Terms', 'Overgeneralized Statement']
Span: ['rules', 'dogs have no concept of human interaction when it comes to consen']"
Classify the argument and identify relevant spans.,"Because he has consistently been topping the polls. As far as how he fares against Hillary, those numbers have been fluctuating quite a bit. One week it's Trump, another it's Hillary.","Classification: ['Bias and Subjectivity']
Span: ['he has consistently been topping the polls']"
Classify the argument and identify relevant spans.,"I know it's about 10 years too late but I've always had a problem with people saying Obama is the first black president because it's just factually untrue. Since he's 50/50 (half black, half white) that means he's the first interracial president but he's certainly not black.","Classification: []
Span: ['Null']"
Classify the argument and identify relevant spans.,There are literally no other circumstances where we force women to give up their bodily autonomy and medical health so someone else can live. I don't like this argument because there COULD be circumstances where we would.,"Classification: ['Implicit Existence', 'Bias and Subjectivity']
Span: ['no other circumstances where we force women to give up their bodily autonomy and medical health', 'no other circumstances where we force women to give up their bodily autonomy and medical health']"
Classify the argument and identify relevant spans.,Because you don't bring pepper spray to a gun fight. If the offender has a gun you will get yourself into serious danger by only being able to defend yourself with a beanbag round.,"Classification: ['Implicit Existence', 'Bias and Subjectivity']
Span: ['If the offender has a gun you will get yourself into serious danger', 'If the offender has a gun you will get yourself into serious danger']"
Classify the argument and identify relevant spans.,"Are you arguing that an AR-15 is not a more capable weapon than a pistol just because pistols are used more often? That's a bizarre position to take, and one simply not supported by any reasonable argument I can think of.","Classification: ['Bias and Subjectivity']
Span: [""That's a bizarre position to take,""]"
Classify the argument and identify relevant spans.,"This is a matter of pure statistics. Uneducated/unintelligent people breed more than educated/intelligent ones. Therefore, whenever I learn that someone has a child, I assume they are less intelligent than I had prior to learning that fact.","Classification: ['Implicit Existence', 'Bias and Subjectivity']
Span: ['Uneducated/unintelligent people breed more than educated/intelligent ones.', 'e they are less intelligent than I had prior to learning that fact.']"
Classify the argument and identify relevant spans.,"There is no perceivable difference, since whether you remain unconscious for all eternity or are reborn into a new person, you wouldn't remember your previous life either way. But I'm not talking about what value there is in such a model, only whether or not that model is true.","Classification: ['Implicit Existence']
Span: ['There is no perceivable difference,']"
Classify the argument and identify relevant spans.,"Hmm, not quite. God of the Gaps is where I say ""Unexplained things are the work of God X is an unexplained thing therefore X is the work of God."" That's not what I argued at all, though. Occam's razor is actually a useful tool for the theist. For theism is really quite a simple explanation.","Classification: ['Bias and Subjectivity']
Span: ['God of the Gaps']"
Classify the argument and identify relevant spans.,"I get it. Stereotyping is bad. But what the fuck is with every little thing being labelled cultural appropriation? A white friend of mine has dreadlocks, and the one and only reason he has dreadlocks is because he likes the style.","Classification: ['Implicit Existence', 'Bias and Subjectivity']
Span: ['what the fuck is with every little thing being labelled cultural appropriation', 'every little thing being labelled cultural appropriation?']"
Classify the argument and identify relevant spans.,"There‚Äôs no ‚Äúlong terms‚Äù studies on the COVID vaccine because it hasn‚Äôt been out for the ‚Äúlong term.‚Äù Bruh. Long term in this context could mean 5, 10, or 15+ years. All vaccines can have side affects. Sure it‚Äôs doing great work now but we don‚Äôt know how it effects the body over time.","Classification: ['Bias and Subjectivity']
Span: ['All vaccines can have side affects.']"
Classify the argument and identify relevant spans.,"If the average weight of a US male is 195, the average weight of male police officers is likely also 195. So lets ignore that many, probably most, officers regularly go to the gym and are therefore stronger than the average sedentary adult.","Classification: ['Implicit Existence']
Span: ['If the average weight of a US male is 195, the average weight of male police officers is likely also 195.']"
Classify the argument and identify relevant spans.,"So I know this is a really, really sensitive subject, I‚Äôm not trying to stir up conflict, I‚Äôm just having what I believe challenged. Here is why I believe this When I was still in the womb, the doctors recommended that I be aborted because I seemed to be developing abnormally.","Classification: []
Span: ['Null']"
Classify the argument and identify relevant spans.,"White people, at their best, have no ill will towards black folks but their refusal to acknowledge or ignorance of systematic racism is not helping black people. Other minorities seem to want to be as white as possible which is sad for them because white is NOT the standard.","Classification: ['Implicit Existence', 'Bias and Subjectivity']
Span: ['White people, at their best, have no ill will towards black folks', 'White people, at their best, have no ill will towards black folks']"
Classify the argument and identify relevant spans.,"Yes, there are poor people in every race. Nobody is saying you can't help poor white people here. But if you are black you are more likely to he poor due to discrimination.","Classification: ['Implicit Existence', 'Bias and Subjectivity']
Span: ['there are poor people in every race.', 'there are poor people in every race.']"
Classify the argument and identify relevant spans.,"Why do you assume there would be a loss of customers? If large people fly less due to such a rule, it stands to reason that skinny people would fly more.","Classification: ['Implicit Existence']
Span: ['If large people fly less due to such a rule, it stands to reason that skinny people would fly more.']"
Classify the argument and identify relevant spans.,"White people, at their best, have no ill will towards black folks but their refusal to acknowledge or ignorance of systematic racism is not helping black people. Other minorities seem to want to be as white as possible which is sad for them because white is NOT the standard.","Classification: ['Implicit Existence', 'Bias and Subjectivity']
Span: ['White people, at their best, have no ill will towards black folks', 'White people, at their best, have no ill will towards black folks']"
Classify the argument and identify relevant spans.,"I mean you cant help the transphobic framing because what you are saying is transphobic. I appreciate that you are trying to be respectful on some level, but that does not dilute the core point that you do not believe a trans woman is a woman.","Classification: ['Bias and Subjectivity']
Span: ['believe a trans woman is a woman.']"
Classify the argument and identify relevant spans.,Why would you assume my gender? Because it‚Äôs a human instinct. We judge people without thinking about it.,"Classification: ['Bias and Subjectivity']
Span: ['We judge people without thinking about it.']"
Classify the argument and identify relevant spans.,"Transracial is not a thing. There is no biological difference between the races of humans, therefore its impossible to feel like another race. There is no ""opinions"" on this matter, this is the scientific consensus.","Classification: ['Implicit Existence', 'Bias and Subjectivity']
Span: ['Transracial is not a thing.', 'Transracial is not a thing.']"
Classify the argument and identify relevant spans.,No she should definitely be able to compete within her weight class because she was born a woman. It is the very fact we can‚Äôt determine how much of an effect being born male has on athletics we can‚Äôt let them compete fairly.,"Classification: ['Implicit Existence', 'Bias and Subjectivity']
Span: ['she was born a woman', 'she was born a woman']"
Classify the argument and identify relevant spans.,"Or perhaps massive deficit spending? Looking at both the budget deficit and the national debt (I am referring the US), the takeoff on the market coincides with that. So perhaps the stock market performance is due to a transfer of wealth from public to private hands.","Classification: ['Bias and Subjectivity']
Span: ['due to a transfer of wealth from public to private hands.']"
Classify the argument and identify relevant spans.,"Yup... there were public goods before the federal income tax was reenacted in 1913, and they were paid for with, wait for it... taxes. Just because there wasn't income tax doesn't mean there wasn't tax.","Classification: []
Span: ['Null']"
Classify the argument and identify relevant spans.,"If I say ""x+1=3 therefore X=2"" and then create a new equation that has ""x"" in it, it's not true that the value of ""x"" persists to the new equation. This is what it means - essentially - to evaluate these separately - don't take the results of one thing and put it into another assumptively.","Classification: ['Implicit Existence']
Span: ['it\'s not true that the value of ""x"" persists to the new equation']"
Classify the argument and identify relevant spans.,"Because sex isn't coal mining or painting a house. Taking a car without consent is theft. Having sex without consent is rape. Not all jobs are created equal, and not all crime is created equal. Prostitution is the only ""job"" where the line between theft and rape gets blurred.","Classification: ['Implicit Existence', 'Bias and Subjectivity']
Span: ['not all crime is created equal.', 'Prostitution is the only ""job"" where the line between theft and rape gets blurred.']"
Classify the argument and identify relevant spans.,"Normally it is my opinion that history is a good guide to predicting the future which is why I don't like the opinion that I hold in this instance. Humanity has yet to unite or to destroy itself, therefore it seems to follow that we DON'T need to unite to survive.","Classification: ['Implicit Existence', 'Bias and Subjectivity']
Span: ['Humanity has yet to unite or to destroy itself,', 'Humanity has yet to unite or to destroy itself,']"
Classify the argument and identify relevant spans.,"Because deer and humans are not of the same species. If all life is not equivalent in value, then the lives of some species must be worth more or less than others.","Classification: ['Bias and Subjectivity']
Span: ['the lives of some species must be worth more or less than others']"
Classify the argument and identify relevant spans.,"This is about hypotheticals. Even if I can't prove to you we aren't all extremely intelligent AIs made to falsely believe to have consciousness, I'm working under the basis our human consciousness is real.","Classification: ['Implicit Existence', 'Bias and Subjectivity']
Span: ['AIs made to falsely believe to have consciousness, I', 'm working under the basis our human consciousness is real.']"
Classify the argument and identify relevant spans.,"I used Catholics as an example of people who are logically against both. In response you've gone on a diatribe about how you don't think God exists and you don't think we can know Him, but that doesn't make the single logical conclusion you posted about wrong.","Classification: []
Span: ['Null']"
Classify the argument and identify relevant spans.,Because phoenix rise from the ashes. Those who did not vote or voted for the lesser of evils will be forced to vote for the best once they have seen how bad a country can burn from their mistakes.,"Classification: ['Lacks Evidence']
Span: ['Those who did not vote or voted for the lesser of evils will be forced to vote for the best once they have seen how bad a country can burn from their mistakes.']"
Classify the argument and identify relevant spans.,It will either be Trump or DeSantis. Ultimately I believe Trump will back DeSantis because Ron is is gaining serious momentum and he is receiving positive praise from leaders across both aisles. My view hinges on why DeSantis is a better candidate than Trump.,"Classification: ['Lacks Evidence', 'Weak Evidence']
Span: ['Ultimately I believe Trump will back DeSantis because Ron is is gaining serious momentum', 'My view']"
Classify the argument and identify relevant spans.,Trump has (before he was president) and he actually has since he has been president. people protesting now shows nothing about what Trump or Obama has done as president.,"Classification: ['Lacks Evidence']
Span: ['people protesting now shows nothing about what Trump or Obama has done as president.']"
Classify the argument and identify relevant spans.,I believe that abortions should be legal. I believe this mostly because it‚Äôs not a human inside the mother. It‚Äôs a bundle of cells that will more than likely become a human.,"Classification: ['Lacks Evidence']
Span: ['It‚Äôs a bundle of cells that will more than likely become a human.']"
Classify the argument and identify relevant spans.,Third wave feminism is just too open and all-inclusive a movement and therefore so different from Second wave feminism that it's basically egalitarianism by another name. So just switch to egalitarianism and be honest about what you support.,"Classification: ['Weak Evidence']
Span: ['Third wave feminism is just too open and all-inclusive a movement']"
Classify the argument and identify relevant spans.,"I am profoundly in favor of people thinking for themselves, but only because I think it will eventually lead people to conclusions similar to mine. If you think for yourself and you arrive at a false or harmful set of views, then you wasted your time and you shouldn't have thought for yourself.","Classification: ['Lacks Evidence', 'Weak Evidence']
Span: [""you wasted your time and you shouldn't have thought for yourself."", 'it will eventually lead people to conclusions similar to mine.']"
Classify the argument and identify relevant spans.,"Not sure if the link is broken or it‚Äôs because I‚Äôm on mobile but I can‚Äôt see the article you‚Äôre linking to, it‚Äôs just directing to huffington posts main page. And my stance remains the same wether it‚Äôs a white guy playing a black character or a black guy playing a white character etc.","Classification: ['Weak Evidence']
Span: ['link is broken or it‚Äôs because I‚Äôm on mobile but I can‚Äôt see the article you‚Äôre linking to,']"
Classify the argument and identify relevant spans.,"""if you believe you know everything"" This falls in line with the Bible passages speaking to people worshipping themselves. To dismiss God, you place faith in yourself, and in your own understanding. Therefore, it takes faith, as stated in your own words, to acknowledge or dismiss God.","Classification: ['Lacks Evidence', 'Weak Evidence']
Span: ['This falls in line with the Bible passages speaking to people worshipping themselves.', 'To dismiss God, you place faith in yourself, and in your own understanding.']"
Classify the argument and identify relevant spans.,"Here in the UK schools have to wear a shirt, trousers and a blazer, it is uncomfortable of course. But it is better. But when it comes to bullying, people getting bullied because of what they wear or if they are poor is such a big thing.","Classification: ['Lacks Evidence']
Span: ['But it is better.']"
Classify the argument and identify relevant spans.,I‚Äôm the single mother and have a 12yr old son. I think about this everyday raising him. I acknowledge that my view may be ..skewed due to personal experiences.,"Classification: ['Weak Evidence']
Span: ['due to personal experiences.']"
Classify the argument and identify relevant spans.,"I hate it when a girl I'm dating keeps making new ""male friends"". To me,a person approaching you to hang out,because they found you attractive sounds like a date,not two friends hanging out.","Classification: ['Lacks Evidence']
Span: ['a person approaching you to hang out,because they found you attractive sounds like a date,not two friends hanging out.']"
Classify the argument and identify relevant spans.,You're with the Taliban aren't you. I dunno I just have this suspicion.,"Classification: ['Weak Evidence']
Span: ['I dunno I just have this suspicion.']"
Classify the argument and identify relevant spans.,"I say ""hypothetically"" because we have an imperfect justice system which can convict innocent people. However, in a theoretically flawless justice system which never convicts the innocent, I see nothing wrong with castrating violent rapists.","Classification: ['Lacks Evidence']
Span: ['see nothing wrong with castrating violent rapists.']"
Classify the argument and identify relevant spans.,"Why did the hypothetical slave think white people are evil ""Hypothetical slave""? I didn't realize that slaves in America during the 1850s were hypothetical. And they thought 'all whites are evil' because every white person they met considered them to be property.","Classification: ['Lacks Evidence', 'Weak Evidence']
Span: [""didn't realize that slaves in America during the 1850s were hypothetical."", 'every white person they met considered them to be property.']"
Classify the argument and identify relevant spans.,"It's a disservice to yourself to claim to be something you aren't. I'm 37% Scandinavian, 32% English and the rest is a mix of Irish, Greek, and Finnish. Do I call myself a European American? Not at all... Because I'm an American citizen. I'm an American first and foremost.","Classification: []
Span: ['Null']"
Classify the argument and identify relevant spans.,Background: -US Federal Law Code says the flag isn‚Äôt to be used for clothing. The code isn‚Äôt enforceable because of the 1st amendment. -American Legion says it‚Äôs okay to have the flag resembled on clothing. The flag is something to be honored and respected.,"Classification: ['Lacks Evidence', 'Weak Evidence']
Span: ['US Federal Law Code says the flag isn‚Äôt to be used for clothing.', 'The code isn‚Äôt enforceable because of the 1st amendment.']"
Classify the argument and identify relevant spans.,"I can't comprehend why we as a society should respect every old person just because they're old. Personally, I'm a believer that respect is earned and not given away.","Classification: ['Lacks Evidence']
Span: ['respect is earned and not given away']"
Classify the argument and identify relevant spans.,"I am responsible for myself in what sense? In the sense of free will: that you can freely choose the actions you make, and that you are the proximal cause for those choices. As a result, you can be justly rewarded or punished based on those choices that you made.","Classification: ['Weak Evidence']
Span: ['you can freely choose the actions you make,']"
Classify the argument and identify relevant spans.,"That is a silly argument. The word ""privileged"" comes from talking about people born from a privileged background, meaning rich.","Classification: ['Lacks Evidence']
Span: ['The word ""privileged"" comes from talking about people born from a privileged background, meaning rich.']"
Classify the argument and identify relevant spans.,"This is largely overblown. Realistically, the support system in place to get black and Latinx people through high school and into college is way weaker than it is for white people and Asians.","Classification: ['Lacks Evidence']
Span: ['the support system in place to get black and Latinx people through high school and into college is way weaker than it is for white people and Asians.']"
Classify the argument and identify relevant spans.,Because journals are capitalist endeavors that use free peer-reviewing to put out sheer content in exchange for subscriptions and ad revenue. Summaries of such content would only validate them more,"Classification: []
Span: ['Null']"
Classify the argument and identify relevant spans.,"I do design for advanced weapons. I‚Äôve worked on strike aircraft and missiles, but also defense technologies. I won‚Äôt go into specifics. I always wanted to work on fighter jets growing up because of the cool factor. Now that I work in the industry and I‚Äôve matured, I‚Äôm having some moral qualms.","Classification: ['Lacks Evidence', 'Weak Evidence']
Span: ['I do design for advanced weapons.', 'I work in the industry and I‚Äôve matured,']"
Classify the argument and identify relevant spans.,Establish a historical significance tax exemption so that Westminster Abbey isn't turned into a Walgreens. I am all for that. Lots of corporations do amazing charitable work. And we still tax them. Just because a church runs a soup kitchen doesn't mean that they shouldn't pay tax.,"Classification: ['Lacks Evidence']
Span: ['Lots of corporations do amazing charitable work.']"
Classify the argument and identify relevant spans.,When I was referring to academic success I was referring to how students are less stifled from it unfairly by having to handwrite i.e. due to the ease of restructuring an essay on a PC vs a piece of paper.,"Classification: []
Span: ['Null']"
Classify the argument and identify relevant spans.,"The profit margin of this life-saving drug is beyond anything reasonable. I believe that those who set and/or support these prices are indirectly responsible for the death, pain, suffering, and emotional anguish that happens as a result.","Classification: ['Lacks Evidence']
Span: ['I believe that those who set and/or support these prices are indirectly responsible for the death, pain, suffering, and emotional anguish that happens as a resul']"
Classify the argument and identify relevant spans.,"Here‚Äôs my logic: Billionaires like Jeff Bezos exist because people buy from and support the billion-dollar company he runs. Therefore, by buying from Amazon, you are supporting the existence of billionaires like Jeff Bezos.","Classification: ['Lacks Evidence']
Span: ['Therefore, by buying from Amazon, you are supporting the existence of billionaires like Jeff Bezos.']"
Classify the argument and identify relevant spans.,"That's because the conditions animals are reared in and the methods by which they are slaughtered are different topics. If you want to lump them under the general topic of animal welfare, sure. But make sure you recognize that difference.","Classification: ['Lacks Evidence']
Span: [""That's because the conditions animals are reared in and the methods by which they are slaughtered are different topics""]"
Classify the argument and identify relevant spans.,"If life begins at conception, how is contraceptive not killing a life? Because there is no life to kill. It doesn‚Äôt exist yet. After conception, a tangible quantifiable life now exists.","Classification: ['Lacks Evidence', 'Weak Evidence']
Span: ['Because there is no life to kill. It doesn‚Äôt exist yet.', 'After conception, a tangible quantifiable life now exists.']"
Classify the argument and identify relevant spans.,It annoys me every time when prolifers say ‚Äúabortion is murder‚Äù. Because so what if it is. Let‚Äôs say for a minute that the foetus was a fully grown person.,"Classification: []
Span: ['Null']"
Classify the argument and identify relevant spans.,It annoys me every time when prolifers say ‚Äúabortion is murder‚Äù. Because so what if it is. Let‚Äôs say for a minute that the foetus was a fully grown person.,"Classification: []
Span: ['Null']"
Classify the argument and identify relevant spans.,"I know it's about 10 years too late but I've always had a problem with people saying Obama is the first black president because it's just factually untrue. Since he's 50/50 (half black, half white) that means he's the first interracial president but he's certainly not black.","Classification: []
Span: ['Null']"
Classify the argument and identify relevant spans.,I put murder in quotations because I am kind of using it loosely here and can‚Äôt think of a better term. Just to make a few things clear I‚Äôm moderate politically and don‚Äôt support abortion not for religious reasons but because to me the very nature of abortion is ending a life.,"Classification: []
Span: ['Null']"
Classify the argument and identify relevant spans.,"From what I know, Christ was essentially a radical leftist. There are a lot of Jesus' teachings that Conservatives ignore, but Jesus was not a ""radical leftist"".","Classification: []
Span: ['Null']"
Classify the argument and identify relevant spans.,"That's not me, that's the government that's failing to do so. You're making the argument that legalizing prostitution and brothels will be licensed and inspected like any other business.","Classification: []
Span: ['Null']"
Classify the argument and identify relevant spans.,"No, but it is worse in the long run to put the responsibility for such changes on the victims and not on the potential culprits. Instead of saying ""rape victims should try not to get raped,"" we should be saying ""motherfuckers, STOP RAPING PEOPLE.""","Classification: []
Span: ['Null']"
Classify the argument and identify relevant spans.,I‚Äôm not religious in anyway. When people ask me ‚Äúwhat‚Äôs the meaning of life?‚Äù I say whatever you want it to be.,"Classification: []
Span: ['Null']"
Classify the argument and identify relevant spans.,I Think it should be illegal because it brain washes men to become addicted. It has even been proven to ruin men's lives check out r/NoFap. It also degrades women to nothing sexual objects same can apply to men as well. Also Masturbation encourages the sexual exploitation of women through porn.,"Classification: ['Questionable Cause-Effect Relationship']
Span: ['It also degrades women to nothing sexual objects same can apply to men as well.']"
Classify the argument and identify relevant spans.,"So I know this is a really, really sensitive subject, I‚Äôm not trying to stir up conflict, I‚Äôm just having what I believe challenged. Here is why I believe this When I was still in the womb, the doctors recommended that I be aborted because I seemed to be developing abnormally.","Classification: []
Span: ['Null']"
Classify the argument and identify relevant spans.,Well yes because eating chocolate is a subset of life. And life has for many intents and purposes infinite variety. If life itself were infinite I can imagine that indeed people would tire of life. I still don't understand why the impermanence of enjoyment means that it's meaningless,"Classification: []
Span: ['Null']"
Classify the argument and identify relevant spans.,I suspect that blas√© attitude is aided by being part of the dominant culture. Native Americans couldn't do much to erase or damage mainstream American culture even if they wanted to.,"Classification: ['Questionable Cause-Effect Relationship']
Span: ['being part of the dominant culture.']"
Classify the argument and identify relevant spans.,"Cultural appropriation is the adoption of elements from another culture without that culture's permission. I'd argue that due to Western imperialism, Western cultures have provided ample permission.","Classification: ['Questionable Cause-Effect Relationship']
Span: ['due to Western imperialism, Western cultures have provided ample permission.']"
Classify the argument and identify relevant spans.,"White people, at their best, have no ill will towards black folks but their refusal to acknowledge or ignorance of systematic racism is not helping black people. Other minorities seem to want to be as white as possible which is sad for them because white is NOT the standard.","Classification: ['Questionable Cause-Effect Relationship']
Span: ['Other minorities seem to want to be as white as possible which is sad for them because white is NOT the standard.']"
Classify the argument and identify relevant spans.,"White people, at their best, have no ill will towards black folks but their refusal to acknowledge or ignorance of systematic racism is not helping black people. Other minorities seem to want to be as white as possible which is sad for them because white is NOT the standard.","Classification: ['Questionable Cause-Effect Relationship']
Span: ['systematic racism is not helping black people']"
Classify the argument and identify relevant spans.,What is an example of systemic racism against blacks today? Blacks might not get approved for loans compared to whites because they might have lower credit scores.,"Classification: ['Questionable Cause-Effect Relationship', 'Causality Flipped']
Span: ['Blacks might not get approved for loans compared to whites because they might have lower credit scores.', 'they might have lower credit scores.']"
Classify the argument and identify relevant spans.,"This isn't some policy where every baby with a severe mental issue MUST be euthanized. This is giving the option to parents to euthanize their baby. You can't extend this to euthanizing adults, because there's no comparable circumstance where an individual has ""control"" over an adult.","Classification: []
Span: ['Null']"
Classify the argument and identify relevant spans.,"Everyone thinks those who don't have children are ""selfish"" because they want to keep their free time. I believe the exact opposite: those who keep biologically reproducing when there is no evolutionary imperative to do so are the selfish ones.","Classification: []
Span: ['Null']"
Classify the argument and identify relevant spans.,"I can't comprehend why we as a society should respect every old person just because they're old. Personally, I'm a believer that respect is earned and not given away.","Classification: []
Span: ['Null']"
Classify the argument and identify relevant spans.,"Price is not discriminatory. A poor person and a rich person can both go to a business, what they leave with is up to them. Also, you most definitely can choose to be a different gender/sexual orientation, etc, because that is the current court battle going on.","Classification: ['Questionable Cause-Effect Relationship']
Span: ['that is the current court battle going on']"
Classify the argument and identify relevant spans.,Because journals are capitalist endeavors that use free peer-reviewing to put out sheer content in exchange for subscriptions and ad revenue. Summaries of such content would only validate them more,"Classification: ['Questionable Cause-Effect Relationship']
Span: ['Summaries of such content would only validate them more']"
Classify the argument and identify relevant spans.,"I'd like to start with the definition of ""wet"": \ wet\- consisting of, containing, covered with, or soaked with liquid (such as water) For something to be wet, it needs to be soaked in a liquid (such as water). Since water cannot be soaked in itself, it can never attain the state of being wet.","Classification: []
Span: ['Null']"
Classify the argument and identify relevant spans.,"I'd like to start with the definition of ""wet"": \ wet\- consisting of, containing, covered with, or soaked with liquid (such as water) For something to be wet, it needs to be soaked in a liquid (such as water). Since water cannot be soaked in itself, it can never attain the state of being wet.","Classification: ['Causality Flipped']
Span: ['Since water cannot be soaked in itself, it can never attain the state of being wet.']"
Classify the argument and identify relevant spans.,It's an oligarchy in disguise. I don't understand how it isn't. Wealthy Americans have much more influence than everyday working Americans.,"Classification: []
Span: ['Null']"
Classify the argument and identify relevant spans.,"First, I do think it's morally wrong to kill and eat anything that suffers, though I do eat meat, because I am a weak coward. But killing and eating dogs is worse for the following reason: Dogs as we know them today, do not exist naturally.","Classification: []
Span: ['Null']"
Classify the argument and identify relevant spans.,"Normally it is my opinion that history is a good guide to predicting the future which is why I don't like the opinion that I hold in this instance. Humanity has yet to unite or to destroy itself, therefore it seems to follow that we DON'T need to unite to survive.","Classification: []
Span: ['Null']"
Classify the argument and identify relevant spans.,"There was a total of one combat related death under Clinton. So no, there weren't killed servicemembers due to military actions. Also, at the time there was a genocide and Iraq was refusing UN weapons inspectors.","Classification: []
Span: ['Null']"
Classify the argument and identify relevant spans.,Substantial caveat: I'm in no way discussing privacy from the state. Because it has the rather unique ability to use force legitimately the state is something of a special case. It honestly seems fundamentally bad for anyone's to have privacy.,"Classification: ['Questionable Cause-Effect Relationship']
Span: ['the state. Because it has the rather unique ability to use force legitimately the state is something of a special case.']"
