source_article,,,,,,,,,,,
The science and data strongly support that our planet ’ s ecosystems are thriving and that humanity is benefiting from modestly increasing temperature and an increase in carbon dioxide .,,,,,,,,,,,
An expedition designed to gather evidence of global warming and “ climate change ” in the Arctic was canceled last month after a humiliating discovery was made :,,,,,,,,,,,
"As the problem worsens , experts are warning that national security is on the line . Naval bases , in particular , are threatened ; they can hardly be moved away from the ocean , yet much of their land is at risk of disappearing within this century .",,,,,,,,,,,
"This summer , for instance , a heat wave in Europe penetrated the Arctic , pushing temperatures into the 80s across much of the Far North and , according to the Belgian climate scientist Xavier Fettweis , melting some 40 billion tons of Greenland ’ s ice sheet .",,,,,,,,,,,
"Despite hundreds of billions of dollars of expenditure during the past few decades , it still has not been shown that human emissions of carbon dioxide drive ­global warming .",,,,,,,,,,,
"No matter what humans do , temperature trends go up , and then down ; glaciers expand and then recede ; sea levels rise and then fall , explains Will Happer , professor emeritus of physics at Princeton .",,,,,,,,,,,
A harrowing scenario analysis of how human civilization might collapse in coming decades due to climate change has been endorsed by a former Australian defense chief and senior royal navy commander .,,,,,,,,,,,
"Also , it is increasingly clear that the planet was significantly warmer than today several times during the past 10,000 years .",,,,,,,,,,,
"The IPCC acknowledged in its own 2007 report that
“ The long-term prediction of future climate states is not possible . ”",,,,,,,,,,,
"And even today , 17 years later , a substantial portion of the American public remains unaware or unconvinced it is happening .",,,,,,,,,,,
The question is whether any climate scientists or environmentalists — who are entirely wedded to the idea that industrialization is destroying the planet — would ever admit this .,,,,,,,,,,,
"Meanwhile , over the last decade , scientists outside of climate physics have jumped on the
bandwagon , publishing papers blaming global warming for everything from acne to the Syrian
civil war .",,,,,,,,,,,
Climate projections also assume that planet Earth is not dynamic and that a temporary terrestrial vertebrate on an evolving planet can change major planetary and extraterrestrial systems .,,,,,,,,,,,
"Since all the data that Mr. Koonin uses are available to others , he poses the obvious question : “ Why haven ’ t you heard these facts before ? ”",,,,,,,,,,,
The research also finds that enormous changes to farming are needed to avoid destroying the planet ’ s ability to feed the 10 billion people expected to be on the planet in a few decades .,,,,,,,,,,,
Said Hayhoe : “ The biggest myth that the largest number of people have bought into is that ‘ climate change doesn ’ t matter to me personally. ’ ”,,,,,,,,,,,
"Global warming activists do not extend “ the record ” back any further , they say , because it has only been since the late 1800s that we have had a global network of mercury thermometers .",,,,,,,,,,,
"Worst-case global heating scenarios may need to be revised upwards in light of a better understanding of the role of clouds , scientists have said .",,,,,,,,,,,
"While reading how flawed EDF ’ s assertions are , remember these are the very best arguments global warming alarmists can make .",,,,,,,,,,,
"This debate — as I argue at some length in Watermelons — was always about left-wing ideology , quasi-religious hysteria , and “ follow the money ” corruption , never about “ science . ”",,,,,,,,,,,
My close examination of recent research has revealed that serious inconsistencies exist within the polar bear literature and between that literature and public statements made by some researchers .,,,,,,,,,,,
"Once again , the data does not support the claim that the United States is hotter than ever as a result of rising Carbon dioxide levels .",,,,,,,,,,,
We are not living in a period of catastrophic climate change . The past tells us it ’ s business as usual .,,,,,,,,,,,
"You don ’ t worry much about dengue or malaria if you are living in Maine or France . But as the tropics creep northward and mosquitoes migrate with them , you will .",,,,,,,,,,,
"Already , more than 10,000 people die each day from the small particles emitted from fossil-fuel burning ; each year , 339,000 people die from wildfire smoke , in part because climate change has extended forest-fire season ( in the U.S. , it ’ s increased by 78 days since 1970 ) .",,,,,,,,,,,
"For his efforts , Pielke was subjected to a vicious , well-funded smear campaign backed by , among others , the Obama White House and leading Democratic congressmen , culminating in his decision in 2015 to quit the field .",,,,,,,,,,,
"“ The predictions of what ’ s going to happen over the next 20 , 30 , 40 years — it ’ s real , ” said Mr. Tuckman , the founder of a company offering creative services to the retail industry .",,,,,,,,,,,
"Severe storms , floods and agricultural losses may cost a great deal of money , but such extreme weather events – and their resulting costs – are dramatically declining as the Earth modestly warms . Accordingly , EDF ’ s asserted economic costs are actually economic benefits .",,,,,,,,,,,
"In return for crippling our economy , the Paris Agreement would do next to nothing to impact global temperatures .",,,,,,,,,,,
"This increase may not be statistically significant , but it is decidedly not the 67-per-cent decline that was predicted given the ice conditions that prevailed .",,,,,,,,,,,
"Unfortunately , because of back to back mass bleaching events , scientists are telling us that the massive , impressive Australian Great Barrier Reef is now at a ‘ terminal stage ’ —with large portions having no hope of recovery .",,,,,,,,,,,
"The warmer the planet gets , the more ozone forms , and by mid-century , Americans will likely suffer a 70 percent increase in unhealthy ozone smog , the National Center for Atmospheric Research has projected .",,,,,,,,,,,
"These zealots would like you to believe that due to fossil fuel emissions , summers are now longer and hotter while winters are shorter and milder .",,,,,,,,,,,
"In the meantime , the agreement would force American taxpayers to subsidize alternative energy at the expense of clean coal , nuclear power and natural gas – energy resources that actually work for our economy and our environment .",,,,,,,,,,,
"“ When we distract our military with a radical climate change agenda , we detract from their main purpose of defending America from enemies ” like the Islamic State , said Mr. Buck of Colorado , the Republican congressman who sponsored the measure .",,,,,,,,,,,
"While reading how flawed EDF ’ s assertions are , remember these are the very best arguments global warming alarmists can make .",,,,,,,,,,,
Anew study produced by a University of Wisconsin-Madison geoscientist and Northwestern astrophysicist presents an explanation of the fluctuations of the earth 's temperatures that global warming alarmists are going to make sure to bury :,,,,,,,,,,,
"A rapid disintegration of Antarctica might , in the worst case , cause the sea to rise so fast that tens of millions of coastal refugees would have to flee inland , potentially straining societies to the breaking point .",,,,,,,,,,,
"“ We ’ re putting enough heat in the ocean to send water over us , no question , ” Dr. Stoddard said . “ Ultimately , we give up and we leave .",,,,,,,,,,,
"We may be able to raise the Thames barrier in Britain but in Bangladesh , it just means more and more people will be drowned .",,,,,,,,,,,
"Americans receive a daily barrage from the fake news media and climate “ experts ” reporting that each and every day , week , month or year is the hottest on record due to global warming .",,,,,,,,,,,
"Instead of negotiating over climate change policies and trying to make them more market-oriented , some political conservatives have taken the approach of blocking them by trying to undermine the science .",,,,,,,,,,,
"Even in our own lifetimes , there is no relationship between temperature and carbon dioxide emissions by ­humans , yet there is a very close relationship between solar activity and temperature .",,,,,,,,,,,
"It has now , even after Hurricane Matthew , been over 4,000 days since a major hurricane ( Category 3 or stronger ) has made landfall in the U.S . Sea level rise , which was occurring long before humans could be blamed , has not accelerated and still amounts to only 1 inch every ten years .",,,,,,,,,,,
"That is , the adjusted data used by alarmist organizations like NASA , NOAA , and the UK Met Office differs so markedly from the original raw data that it can not be trusted .",,,,,,,,,,,
"For the past 500 million years , the atmospheric carbon dioxide content has been decreasing and if we halved today ’ s atmospheric carbon dioxide content , all life would die .",,,,,,,,,,,
"In other words , record-breaking temperatures this year are specifically from El Niño , but the general increase in global temperatures is part of the trend due to climate change .",,,,,,,,,,,
"For the past 4567 million years , the sun and the Earth ’ s orbit have driven climate change cycles .",,,,,,,,,,,
He said : “ Cooling from 2019 into about 2020 to 2021 will bring world temperatures back to where they were in the 1940s through the 1960s .,,,,,,,,,,,
"And the great middle can be excused for realizing that obsessing about climate change is avoiding a frank discussion about the here-and-now problems of budget deficits , the federal debt , school choice , entitlement reform , and so on .",,,,,,,,,,,